Danceability,Energy,Key,Loudness,Speechiness,Acousticness,Instrumentalness,Liveness,Valence,Tempo,Duration_ms,Views,Likes,Comments,Stream,Track,Artist,Album,similarity
-0.109818361209318,0.1585970407267808,-0.9197708435572713,0.808514867149052,-0.667541789918303,-0.9933955218399492,-0.2877826479953091,-0.480118498521052,-0.3357995521883363,-0.4263398223438563,0.1424617082392561,-0.3361705488385648,-0.35750517879447524,-0.13710595990611946,3.1790884075064567,Set Fire to the Rain,Adele,21,0.9339085154862974
0.2405750497412948,0.4069174600339206,-0.08174769379525167,0.1384530683880477,-0.365429275168649,-0.3809796411372536,-0.28772755452297627,-0.31064046118096417,-0.8664342577588482,-0.23081830305074297,-0.47680344066987634,-0.25624085008499226,-0.18145270758133442,-0.10954680333852572,1.7405610417970108,Summer Days (feat. Macklemore & Patrick Stump of Fall Out Boy),Macklemore,Summer Days (feat. Macklemore & Patrick Stump of Fall Out Boy),0.9283110523960194
0.2405750497412948,0.4069174600339206,-0.08174769379525167,0.1384530683880477,-0.365429275168649,-0.3809796411372536,-0.28772755452297627,-0.31064046118096417,-0.8664342577588482,-0.23081830305074297,-0.47680344066987634,-0.22445407206266232,-0.15361259513813366,-0.10937490619611182,1.7405610417970108,Summer Days (feat. Macklemore & Patrick Stump of Fall Out Boy),Fall Out Boy,Summer Days (feat. Macklemore & Patrick Stump of Fall Out Boy),0.9281874086613833
0.2405750497412948,0.4069174600339206,-0.08174769379525167,0.1384530683880477,-0.365429275168649,-0.3809796411372536,-0.28772755452297627,-0.31064046118096417,-0.8664342577588482,-0.23081830305074297,-0.47680344066987634,-0.22445406134808427,-0.1536120458393068,-0.10937490619611182,1.7405610417970108,Summer Days (feat. Macklemore & Patrick Stump of Fall Out Boy),Martin Garrix,Summer Days (feat. Macklemore & Patrick Stump of Fall Out Boy),0.9281874017668957
-0.3937578493934346,-0.45986136207590783,0.7562754559667679,0.47803189852937106,-0.5407879588088267,-0.7664529344448614,-0.28779136334686456,0.028315613499211342,-0.9684793934454852,0.7889354186626195,-0.011061982569514284,-0.3398190841038016,-0.36202645743859624,-0.1410747615765581,5.230444259636058,I Fall Apart,Post Malone,Stoney (Deluxe),0.9274634943471081
